"STATION","DATE","ADPT","ASLP","ASTP","AWND","PRCP","RHAV","RHMN","RHMX","SNOW","SNWD","TMAX","TMIN","WSF1","WT01","WT03","WT05","WT11"
"USW00013880","2024-01-01","37","30.10","30.04","8.95","0.00","   59","   32","   79","0.0","0.0","66","39",,,,,
"USW00013880","2024-01-02","27","30.21","30.15","6.49","0.00","   54","   33","   75","0.0","0.0","56","33",,,,,
"USW00013880","2024-01-03","32","30.12","30.09","3.13","0.05","   64","   40","   85","0.0","0.0","55","29",,,,,
"USW00013880","2024-01-04","34","30.10","30.02","8.50","0.00","   64","   37","   89","0.0","0.0","58","39",,,,,
"USW00013880","2024-01-05","33","30.25","30.21","10.29","0.00","   60","   44","   80","0.0","0.0","58","36",,,,,
"USW00013880","2024-01-06","54","29.81","29.78","11.41","0.43","   78","   52","   90","0.0","0.0","75","48",,"    1",,,
"USW00013880","2024-01-07","38","30.02","29.92","9.62","0.00","   63","   41","   86","0.0","0.0","59","40",,,,,
"USW00013880","2024-01-08","36","30.30","30.25","8.72","0.00","   67","   48","   83","0.0","0.0","54","36",,,,,
"USW00013880","2024-01-09","57","29.72","29.64","20.58","1.32","   84","   68","   90","0.0","0.0","72","36",,"    1","    1",,
"USW00013880","2024-01-10","34","29.84","29.74","12.30","0.00","   55","   42","   77","0.0","0.0","57","41",,,,,
"USW00013880","2024-01-11","36","30.06","29.99","4.70","0.00","   64","   39","   89","0.0","0.0","59","38",,,,,
"USW00013880","2024-01-12","51","29.86","29.85","9.40","0.07","   84","   59","   93","0.0","0.0","70","36",,"    1","    1",,
"USW00013880","2024-01-13","33","29.85","29.73","12.97","0.00","   46","   28","   90","0.0","0.0","68","42",,,,,
"USW00013880","2024-01-14","30","30.17","30.11","5.82","0.00","   54","   20","   80","0.0","0.0","64","39",,,,,
"USW00013880","2024-01-15","46","30.09","30.06","3.80","0.00","   71","   41","   93","0.0","0.0","71","38",,"    1",,,
"USW00013880","2024-01-16","48","29.88","29.83","6.93","0.01","   80","   67","   93","0.0","0.0","61","44",,"    1",,,
"USW00013880","2024-01-17","19","30.24","30.14","7.16","0.00","   45","   25","   79","0.0","0.0","49","29",,,,,
"USW00013880","2024-01-18","35","30.17","30.16","2.24","0.00","   63","   41","   85","0.0","0.0","65","27",,,,,
"USW00013880","2024-01-19","34","29.96","29.88","12.53","0.00","   54","   26","   86","0.0","0.0","64","37",,,,,
"USW00013880","2024-01-20","15","30.27","30.19","10.29","0.00","   46","   27","   66","0.0","0.0","44","26",,,,,
"USW00013880","2024-01-21","10","30.57","30.49","8.50","0.00","   42","   25","   69","0.0","0.0","44","23",,,,,
"USW00013880","2024-01-22","29","30.59","30.54","6.93","0.00","   58","   36","   75","0.0","0.0","60","23",,,,,
"USW00013880","2024-01-23","52","30.45","30.40","6.49","0.00","   79","   68","   87","0.0","0.0","67","50",,"    1",,,
"USW00013880","2024-01-24","61","30.33","30.29","8.50","0.00","   82","   60","   90","0.0","0.0","77","62",,"    1",,,
"USW00013880","2024-01-25","64","30.22","30.17","8.05","0.03","   84","   69","   93","0.0","0.0","78","63",,"    1",,,
"USW00013880","2024-01-26","63","30.13","30.09","8.50","0.00","   81","   53","   93","0.0","0.0","83","62",,"    1",,,
"USW00013880","2024-01-27","63","30.06","30.03","7.83","0.00","   85","   60","   93","0.0","0.0","79","61",,"    1",,,
"USW00013880","2024-01-28","47","29.84","29.79","14.76","0.00","   61","   39","   87","0.0","0.0","70","50",,,,,
"USW00013880","2024-01-29","34","30.01","29.93","9.62","0.00","   53","   34","   74","0.0","0.0","63","42",,,,,
"USW00013880","2024-01-30","37","30.08","30.04","6.49","0.00","   64","   34","   86","0.0","0.0","65","36",,,,,
"USW00013880","2024-01-31","41","30.01","29.95","8.50","0.03","   71","   56","   90","0.0","0.0","58","43",,,,,
"USW00013880","2024-02-01","38","30.12","30.07","4.70","0.00","   72","   40","   93","0.0","0.0","63","35",,"    1",,,
"USW00013880","2024-02-02","38","29.93","29.90","4.03","0.00","   60","   27","   93","0.0","0.0","69","42",,,,,
"USW00013880","2024-02-03","37","29.99","29.93","9.17","0.00","   59","   34","   80","0.0","0.0","62","43",,,,,
"USW00013880","2024-02-04","41","29.83","29.78","12.53","0.06","   71","   56","   83","0.0","0.0","59","41",,,,,
"USW00013880","2024-02-05","44","29.68","29.62","13.20","0.91","   80","   45","   96","0.0","0.0","55","47",,"    1",,,
"USW00013880","2024-02-06","27","29.91","29.83","15.21","0.00","   42","   32","   53","0.0","0.0","60","44",,,,,
"USW00013880","2024-02-07","26","30.23","30.14","8.95","0.00","   49","   27","   76","0.0","0.0","60","36",,,,,
"USW00013880","2024-02-08","35","30.30","30.26","3.80","0.00","   64","   35","   92","0.0","0.0","64","33",,,,,
"USW00013880","2024-02-09","47","30.20","30.16","5.14","0.00","   71","   46","   86","0.0","0.0","72","43",,,,,
"USW00013880","2024-02-10","53","30.09","30.06","7.61","0.00","   73","   46","   93","0.0","0.0","76","51",,"    1",,,
"USW00013880","2024-02-11","57","29.96","29.91","7.83","0.49","   76","   57","   93","0.0","0.0","75","55",,"    1","    1",,
"USW00013880","2024-02-12","60","29.80","29.80","6.93","1.72","   93","   90","   97","0.0","0.0","66","61",,"    1",,,
"USW00013880","2024-02-13","40","29.84","29.73","12.97","0.00","   52","   33","   87","0.0","0.0","66","47",,,,,
"USW00013880","2024-02-14","33","30.20","30.13","4.47","0.00","   52","   25","   83","0.0","0.0","68","39",,,,,
"USW00013880","2024-02-15","44","30.19","30.15","6.71","0.00","   66","   35","   86","0.0","0.0","72","41",,,,,
"USW00013880","2024-02-16","45","29.99","29.97","5.59","0.00","   58","   28","   78","0.0","0.0","72","51",,,,,
"USW00013880","2024-02-17","45","29.88","29.82","10.07","0.00","   59","   44","   72","0.0","0.0","67","51",,,,,
"USW00013880","2024-02-18","27","30.06","30.00","6.04","0.00","   47","   39","   73","0.0","0.0","51","39",,,,,
"USW00013880","2024-02-19","29","30.13","30.06","4.03","0.00","   55","   23","   85","0.0","0.0","64","33",,,,,
"USW00013880","2024-02-20","31","30.27","30.21","6.04","0.00","   57","   26","   89","0.0","0.0","64","32",,,,,
"USW00013880","2024-02-21","32","30.28","30.23","7.16","0.00","   53","   26","   89","0.0","0.0","65","35",,,,,
"USW00013880","2024-02-22","38","30.05","30.03","7.16","0.00","   59","   28","   89","0.0","0.0","68","37",,,,,
"USW00013880","2024-02-23","50","29.67","29.62","12.30","0.28","   67","   41","   93","0.0","0.0","73","51",,"    1",,,
"USW00013880","2024-02-24","34","29.83","29.74","9.84","0.00","   43","   24","   69","0.0","0.0","70","48",,,,,
"USW00013880","2024-02-25","31","30.16","30.09","6.49","0.00","   53","   28","   82","0.0","0.0","62","39",,,,,
"USW00013880","2024-02-26","38","30.18","30.14","5.82","0.00","   60","   25","   89","0.0","0.0","70","39",,,,,
"USW00013880","2024-02-27","49","30.09","30.04","11.41","0.00","   64","   41","   87","0.0","0.0","73","50",,,,,
"USW00013880","2024-02-28","54","30.04","29.98","13.87","0.00","   63","   45","   81","0.0","0.0","78","57",,,,,
"USW00013880","2024-02-29","24","30.36","30.28","11.41","0.00","   30","   17","   68","0.0","0.0","66","49",,,,,
"USW00013880","2024-03-01","51","30.30","30.27","10.07","3.04","   78","   46","  100","0.0","0.0","67","49",,"    1","    1",,
"USW00013880","2024-03-02","61","30.13","30.09","3.80","0.14","   85","   66","   93","0.0","0.0","72","62",,"    1",,,
"USW00013880","2024-03-03","60","30.14","30.09","4.70","0.00","   81","   56","   93","0.0","0.0","77","60",,"    1",,,
"USW00013880","2024-03-04","56","30.12","30.07","5.59","0.00","   72","   42","   93","0.0","0.0","81","57",,"    1",,,
"USW00013880","2024-03-05","54","30.06","30.03","6.04","0.00","   69","   45","   93","0.0","0.0","77","53",,"    1",,,
"USW00013880","2024-03-06","61","29.78","29.75","9.17","1.23","   80","   52","   93","0.0","0.0","79","63",,"    1","    1",,
"USW00013880","2024-03-07","55","29.94","29.86","7.16","0.00","   75","   52","   87","0.0","0.0","76","58",,,,,
"USW00013880","2024-03-08","53","30.09","30.05","8.95","0.00","   75","   47","   93","0.0","0.0","70","53",,"    1",,,
"USW00013880","2024-03-09","65","29.81","29.79","13.42","1.95","   87","   76","   97","0.0","0.0","74","61",,"    1","    1",,
"USW00013880","2024-03-10","39","29.87","29.78","13.20","0.00","   45","   25","   76","0.0","0.0","69","52",,,,,
"USW00013880","2024-03-11","25","30.18","30.14","6.93","0.00","   36","   17","   69","0.0","0.0","67","40",,,,,
"USW00013880","2024-03-12","40","30.12","30.09","6.93","0.00","   54","   23","   83","0.0","0.0","73","47",,,,,
"USW00013880","2024-03-13","44","30.03","29.98","6.93","0.00","   53","   20","   87","0.0","0.0","80","53",,,,,
"USW00013880","2024-03-14","45","30.10","30.04","5.82","0.00","   50","   22","   83","0.0","0.0","83","52",,,,,
"USW00013880","2024-03-15","56","30.00","29.96","6.93","0.00","   65","   34","   87","0.0","0.0","86","54",,,,,
"USW00013880","2024-03-16","59","29.87","29.82","8.05","0.00","   68","   34","   91","0.0","0.0","84","62",,,,,
"USW00013880","2024-03-17","54","29.81","29.77","9.62","0.00","   63","   40","   84","0.0","0.0","75","58",,,,,
"USW00013880","2024-03-18","44","29.82","29.76","11.41","0.00","   50","   25","   86","0.0","0.0","75","53",,,,,
"USW00013880","2024-03-19","25","30.05","29.99","10.07","0.00","   39","   21","   61","0.0","0.0","63","39",,,,,
"USW00013880","2024-03-20","36","29.98","29.93","9.62","0.00","   43","   23","   67","0.0","0.0","76","47",,,,,
"USW00013880","2024-03-21","44","30.10","30.03","8.72","0.00","   52","   25","   87","0.0","0.0","78","49",,,,,
"USW00013880","2024-03-22","59","30.01","30.00","9.62","1.09","   84","   70","   93","0.0","0.0","69","60",,"    1",,,
"USW00013880","2024-03-23","58","29.72","29.67","9.84","0.12","   73","   47","   93","0.0","0.0","77","62",,"    1",,,
"USW00013880","2024-03-24","34","30.08","30.03","11.41","0.00","   49","   27","   74","0.0","0.0","64","47",,,,,
"USW00013880","2024-03-25","42","30.19","30.16","10.29","0.00","   62","   45","   78","0.0","0.0","69","42",,,,,
"USW00013880","2024-03-26","55","30.03","30.00","10.74","0.00","   69","   55","   81","0.0","0.0","75","58",,,,,
"USW00013880","2024-03-27","64","29.93","29.88","9.40","0.02","   83","   69","   91","0.0","0.0","75","66",,"    1","    1",,
"USW00013880","2024-03-28","54","29.91","29.84","10.29","0.53","   79","   51","   93","0.0","0.0","70","50",,"    1",,,
"USW00013880","2024-03-29","38","30.14","30.06","6.93","0.00","   52","   22","   90","0.0","0.0","73","43",,"    1",,,
"USW00013880","2024-03-30","43","30.07","30.02","9.17","0.00","   52","   21","   80","0.0","0.0","79","50",,,,,
"USW00013880","2024-03-31","50","30.02","29.97","8.72","0.00","   55","   33","   78","0.0","0.0","83","55",,,,,
"USW00013880","2024-04-01","59","30.00","29.96","10.51","0.00","   68","   47","   84","0.0","0.0","83","59",,,,,
"USW00013880","2024-04-02","61","29.85","29.80","10.96","0.00","   71","   43","   87","0.0","0.0","85","64",,,,,
"USW00013880","2024-04-03","62","29.55","29.51","14.09","1.37","   82","   51","   93","0.0","0.0","71","56",,"    1","    1",,
"USW00013880","2024-04-04","36","29.71","29.64","10.29","0.00","   46","   25","   67","0.0","0.0","68","50",,,,,
"USW00013880","2024-04-05","37","29.90","29.84","7.83","0.00","   48","   29","   80","0.0","0.0","70","43",,,,,
"USW00013880","2024-04-06","32","30.05","29.98","8.28","0.00","   46","   28","   77","0.0","0.0","66","42",,,,,
"USW00013880","2024-04-07","41","30.13","30.06","5.37","0.00","   57","   30","   90","0.0","0.0","72","43",,,,,
"USW00013880","2024-04-08","48","30.22","30.16","5.14","0.00","   61","   34","   89","0.0","0.0","75","51",,,,,
"USW00013880","2024-04-09","56","30.17","30.12","6.04","0.00","   69","   42","   90","0.0","0.0","79","56",,,,,
"USW00013880","2024-04-10","60","30.04","30.00","11.18","0.00","   69","   52","   81","0.0","0.0","80","65",,,,,
"USW00013880","2024-04-11","65","29.72","29.70","17.00","1.91","   82","   57","   94","0.0","0.0","78","68",,"    1","    1",,
"USW00013880","2024-04-12","42","29.90","29.80","16.33","0.00","   41","   22","   67","0.0","0.0","76","58",,,,,
"USW00013880","2024-04-13","37","30.13","30.08","8.05","0.00","   39","   22","   58","0.0","0.0","77","52",,,,,
"USW00013880","2024-04-14","43","30.10","30.05","6.04","0.00","   45","   20","   75","0.0","0.0","82","48",,,,,
"USW00013880","2024-04-15","54","30.04","29.98","10.07","0.00","   50","   30","   63","0.0","0.0","89","63",,,,,
"USW00013880","2024-04-16","56","30.12","30.06","7.38","0.00","   58","   35","   81","0.0","0.0","86","62",,,,,
"USW00013880","2024-04-17","62","30.13","30.09","8.72","0.00","   73","   47","   93","0.0","0.0","81","59",,"    1",,,
"USW00013880","2024-04-18","63","30.04","29.98","6.04","0.00","   65","   37","   90","0.0","0.0","90","64",,,,,
"USW00013880","2024-04-19","63","29.99","29.93","5.82","0.00","   68","   45","   87","0.0","0.0","89","64",,,,,
"USW00013880","2024-04-20","66","29.95","29.91","8.05","0.00","   66","   41","   87","0.0","0.0","91","68",,,,,
"USW00013880","2024-04-21","60","29.90","29.85","8.95","0.24","   82","   68","   90","0.0","0.0","75","55",,"    1",,,
"USW00013880","2024-04-22","43","30.09","30.01","9.62","0.00","   60","   37","   87","0.0","0.0","67","50",,,,,
"USW00013880","2024-04-23","41","30.19","30.15","5.59","0.00","   57","   27","   89","0.0","0.0","72","42",,,,,
"USW00013880","2024-04-24","52",,,"8.95","0.00","   62","   34","   89","0.0","0.0","82","50",,,,,
"USW00013880","2024-04-25","56","30.10","30.04","6.71","0.00","   62","   32","   87","0.0","0.0","83","61",,,,,
"USW00013880","2024-04-26","59","30.24","30.17","9.17","0.00","   71","   46","   91","0.0","0.0","77","61",,"    1",,,
"USW00013880","2024-04-27","59","30.34","30.29","10.74","0.00","   70","   43","   93","0.0","0.0","79","62",,"    1",,,
"USW00013880","2024-04-28","57","30.27","30.22","6.71","0.00","   67","   48","   90","0.0","0.0","79","60",,,,,
"USW00013880","2024-04-29","58","30.14","30.10","6.49","0.00","   67","   43","   93","0.0","0.0","82","56",,,,,
"USW00013880","2024-04-30",,,,"7.16","0.01","   67","   46","   90","0.0","0.0","84","64",,,,,
"USW00013880","2024-05-01","65","29.97","29.92","5.37","0.11","   77","   46","   91","0.0","0.0","85","66",,"    1","    1",,
"USW00013880","2024-05-02","65","30.00","29.95","4.92","0.00","   75","   49","   97","0.0","0.0","85","63",,"    1",,,
"USW00013880","2024-05-03","66","30.02","29.96","5.82","0.00","   73","   51","   97","0.0","0.0","86","64",,"    1",,,
"USW00013880","2024-05-04","67","30.05","29.99","7.38","0.00","   75","   53","   93","0.0","0.0","85","69",,,,,
"USW00013880","2024-05-05","67","30.06","30.01","8.05","0.18","   74","   54","   87","0.0","0.0","85","70",,"    1",,,
"USW00013880","2024-05-06","67","30.02","29.98","7.61","0.29","   80","   56","   93","0.0","0.0","85","67",,"    1","    1",,
"USW00013880","2024-05-07","68","29.88","29.83","7.61","0.00","   73","   48","   93","0.0","0.0","90","65",,"    1",,,
"USW00013880","2024-05-08","69","29.85","29.80","9.62","0.00","   70","   48","   88","0.0","0.0","90","73",,,,,
"USW00013880","2024-05-09","68","29.82","29.77","9.17","0.57","   81","   57","   91","0.0","0.0","86","67",,"    1","    1",,
"USW00013880","2024-05-10","64","29.72","29.67","8.72","0.17","   77","   55","   93","0.0","0.0","84","64",,"    1","    1",,
"USW00013880","2024-05-11","52","29.86","29.80","6.49","0.00","   57","   36","   86","0.0","0.0","79","60",,,,,
"USW00013880","2024-05-12","55","29.93","29.87","5.14","0.00","   56","   32","   90","0.0","0.0","83","61",,,,,
"USW00013880","2024-05-13","61","30.01","29.96","6.71","0.00","   69","   51","   90","0.0","0.0","80","64",,,,,
"USW00013880","2024-05-14","69","29.83","29.80","10.51","0.43","   82","   64","   94","0.0","0.0","82","71",,"    1","    1",,
"USW00013880","2024-05-15","68","29.72","29.67","10.29","0.00","   73","   50","   94","0.0","0.0","88","68",,"    1","    1",,
"USW00013880","2024-05-16","64","29.79","29.72","5.82","0.00","   67","   43","   90","0.0","0.0","88","66",,,,,
"USW00013880","2024-05-17","70","29.89","29.84","5.82","0.00","   80","   61","   97","0.0","0.0","83","69",,"    1",,,
"USW00013880","2024-05-18","69","29.90","29.85","6.26","0.13","   85","   74","   94","0.0","0.0","78","69",,"    1","    1",,
"USW00013880","2024-05-19","67","29.89","29.84","7.38","0.02","   80","   65","   93","0.0","0.0","83","68",,,"    1",,
"USW00013880","2024-05-20","61","29.96","29.91","9.17","0.00","   71","   49","   87","0.0","0.0","82","64",,,,,
"USW00013880","2024-05-21","62","30.00","29.95","6.93","0.00","   68","   47","   93","0.0","0.0","84","62",,,,,
"USW00013880","2024-05-22","62","30.03","29.98","5.59","0.00","   66","   37","   93","0.0","0.0","87","62",,"    1",,,
"USW00013880","2024-05-23","67","30.00","29.95","6.71","0.00","   69","   48","   90","0.0","0.0","90","68",,"    1",,,
"USW00013880","2024-05-24","68","29.91","29.86","7.83","0.00","   71","   43","   91","0.0","0.0","93","72",,,"    1",,
"USW00013880","2024-05-25","69","29.88","29.83","6.26","0.24","   71","   44","   87","0.0","0.0","91","71",,,"    1",,
"USW00013880","2024-05-26","70","29.90","29.85","6.49","0.00","   73","   49","   91","0.0","0.0","92","70",,,,,
"USW00013880","2024-05-27","72","29.90","29.85","10.29","0.00","   71","   53","   88","0.0","0.0","91","76",,,,,
"USW00013880","2024-05-28","67","29.92","29.87","8.28","0.00","   61","   34","   87","0.0","0.0","94","73",,,"    1",,
"USW00013880","2024-05-29","57","29.97","29.92","6.04","0.00","   46","   27","   71","0.0","0.0","92","65",,,,,
"USW00013880","2024-05-30","53","30.04","29.99","6.93","0.00","   47","   27","   76","0.0","0.0","87","64",,,,,
"USW00013880","2024-05-31","51","30.17","30.12","7.83","0.00","   47","   28","   84","0.0","0.0","86","61",,,,,
"USW00013880","2024-06-01","55","30.20","30.16","8.05","0.00","   55","   40","   72","0.0","0.0","83","56",,,,,
"USW00013880","2024-06-02","62","30.11","30.07","8.28","0.00","   62","   48","   78","0.0","0.0","84","65",,,,,
"USW00013880","2024-06-03","63","30.00","29.96","5.59","0.00","   63","   43","   84","0.0","0.0","88","67",,,,,
"USW00013880","2024-06-04","65","29.97","29.91","6.71","0.00","   64","   36","   85","0.0","0.0","90","69",,,,,
"USW00013880","2024-06-05","67","29.92","29.88","8.50","0.00","   65","   37","   85","0.0","0.0","91","72",,,,,
"USW00013880","2024-06-06","73","29.80","29.75","10.29","2.10","   73","   46","   91","0.0","0.0","95","73",,"    1","    1",,
"USW00013880","2024-06-07","69","29.78","29.72","8.50","0.01","   64","   35","   88","0.0","0.0","95","74",,,,,
"USW00013880","2024-06-08","64","29.89","29.83","7.61","0.00","   59","   35","   90","0.0","0.0","92","71",,"    1",,,
"USW00013880","2024-06-09","68","29.81","29.77","8.28","0.00","   61","   34","   94","0.0","0.0","96","73",,"    1",,,
"USW00013880","2024-06-10","67","29.79","29.74","4.70","0.69","   71","   48","   94","0.0","0.0","89","69",,"    1","    1",,
"USW00013880","2024-06-11","66","29.86","29.80","6.26","0.00","   67","   45","   91","0.0","0.0","87","70",,"    1",,,
"USW00013880","2024-06-12","67","29.96","29.91","8.50","0.00","   68","   43","   93","0.0","0.0","90","67",,"    1",,,
"USW00013880","2024-06-13","68","29.94","29.90","10.07","0.00","   68","   42","   84","0.0","0.0","89","73",,,,,
"USW00013880","2024-06-14","65","29.92","29.86","6.93","0.00","   62","   36","   82","0.0","0.0","93","70",,,,,
"USW00013880","2024-06-15","67","29.97","29.91","6.04","0.00","   58","   39","   84","0.0","0.0","97","72",,,,,
"USW00013880","2024-06-16","72","30.10","30.03","7.38","0.00","   68","   49","   90","0.0","0.0","92","75",,,"    1",,
"USW00013880","2024-06-17","68","30.15","30.09","8.95","0.00","   65","   42","   91","0.0","0.0","90","73",,,,,
"USW00013880","2024-06-18","65","30.16","30.11","10.07","0.00","   64","   46","   87","0.0","0.0","88","69",,,,,
"USW00013880","2024-06-19","66","30.22","30.16","10.51","0.00","   66","   40","   87","0.0","0.0","90","69",,,,,
"USW00013880","2024-06-20","66","30.23","30.19","10.51","0.00","   66","   41","   87","0.0","0.0","90","71",,,,,
"USW00013880","2024-06-21","72","30.15","30.11","8.28","0.52","   79","   59","   94","0.0","0.0","90","72",,"    1",,,
"USW00013880","2024-06-22","75","30.07","30.02","10.51","0.00","   76","   56","   94","0.0","0.0","91","76",,,"    1",,
"USW00013880","2024-06-23","76","29.92","29.89","8.50","0.47","   82","   65","   90","0.0","0.0","90","78",,"    1","    1",,
"USW00013880","2024-06-24","75","29.85","29.80","11.41","0.15","   69","   49","   85","0.0","0.0","97","80",,"    1","    1",,
"USW00013880","2024-06-25","76","29.91","29.85","7.83","0.07","   76","   52","   91","0.0","0.0","96","78",,"    1","    1",,
"USW00013880","2024-06-26","77","29.87","29.84","9.62","0.00","   76","   60","   90","0.0","0.0","94","79",,,,,
"USW00013880","2024-06-27","74","29.83","29.78","7.61","0.16","   76","   52","   94","0.0","0.0","96","75",,,"    1",,
"USW00013880","2024-06-28","73","29.97","29.92","5.59","0.00","   74","   52","   94","0.0","0.0","93","75",,"    1",,,
"USW00013880","2024-06-29","75","30.10","30.04","5.37","0.02","   75","   58","   94","0.0","0.0","93","76",,"    1",,,
"USW00013880","2024-06-30","75","30.04","30.00","7.61","0.00","   72","   54","   90","0.0","0.0","95","79",,,,,
"USW00013880","2024-07-01","75","29.98","29.91","6.71","1.81","   77","   57","   90","0.0","0.0","95","77",,"    1","    1",,
"USW00013880","2024-07-02","70","30.12","30.05","9.17","0.00","   75","   61","   91","0.0","0.0","87","74",,"    1",,,
"USW00013880","2024-07-03","72","30.11","30.06","8.28","0.00","   70","   55","   91","0.0","0.0","91","76",,,,,
"USW00013880","2024-07-04","72","30.01","29.98","5.14","0.00","   72","   47","   94","0.0","0.0","94","73",,,,,
"USW00013880","2024-07-05","74","29.92","29.87","7.61","0.00","   71","   46","   91","0.0","0.0","96","76",,,,,
"USW00013880","2024-07-06","75","29.95","29.90","8.05","0.00","   73","   56","   90","0.0","0.0","94","78",,,,,
"USW00013880","2024-07-07","72","30.00","29.96","7.16","0.00","   67","   55","   85","0.0","0.0","92","79",,,,,
"USW00013880","2024-07-08","75","30.02","29.98","4.47","0.08","   76","   54","   88","0.0","0.0","93","78",,,"    1",,
"USW00013880","2024-07-09","75","29.97","29.92","4.03","0.14","   81","   54","   94","0.0","0.0","96","77",,"    1","    1",,
"USW00013880","2024-07-10","76","29.89","29.85","6.93","0.00","   76","   56","   90","0.0","0.0","95","78",,,"    1",,
"USW00013880","2024-07-11","72","29.91","29.86","5.82","0.00","   67","   44","   85","0.0","0.0","97","76",,,,,
"USW00013880","2024-07-12","75","30.02","29.96","6.26","0.00","   79","   70","   88","0.0","0.0","90","77",,,"    1",,
"USW00013880","2024-07-13","76","30.14","30.08","2.24","1.26","   83","   63","   91","0.0","0.0","92","76",,"    1","    1",,
"USW00013880","2024-07-14","76","30.07","30.04","5.37","1.72","   77","   46","   94","0.0","0.0","99","74",,"    1","    1","    1",
"USW00013880","2024-07-15","76","30.01","29.98","5.82","0.00","   74","   42","   91","0.0","0.0","98","78",,,"    1",,
"USW00013880","2024-07-16","74","30.01","29.96","8.50","0.08","   72","   54","   91","0.0","0.0","95","76",,"    1","    1",,
"USW00013880","2024-07-17","75","30.00","29.95","9.62","0.00","   71","   54","   94","0.0","0.0","95","78",,,,,
"USW00013880","2024-07-18","73","30.01","29.95","9.84","0.00","   69","   54","   85","0.0","0.0","93","77",,,,,
"USW00013880","2024-07-19","74","30.06","30.01","5.59","0.38","   81","   63","   91","0.0","0.0","90","75",,"    1",,,
"USW00013880","2024-07-20","73","30.10","30.04","4.92","0.18","   81","   57","   94","0.0","0.0","93","74",,"    1","    1",,
"USW00013880","2024-07-21","73","30.07","30.02","5.59","0.01","   74","   57","   94","0.0","0.0","91","73",,,,,
"USW00013880","2024-07-22","76","30.04","29.99","6.71","0.38","   78","   61","   93","0.0","0.0","92","77",,"    1",,,
"USW00013880","2024-07-23","75","30.10","30.04","8.05","0.00","   70","   49","   90","0.0","0.0","94","79",,,,,
"USW00013880","2024-07-24","76","30.18","30.12","8.05","0.00","   75","   60","   85","0.0","0.0","93","81",,,"    1",,
"USW00013880","2024-07-25","75","30.15","30.11","6.04","1.94","   83","   62","   94","0.0","0.0","90","75",,"    1","    1",,
"USW00013880","2024-07-26","75","30.03","29.99","4.47","0.04","   83","   61","   94","0.0","0.0","91","76",,"    1","    1",,
"USW00013880","2024-07-27","72","30.04","29.98","7.61","0.00","   78","   57","   94","0.0","0.0","89","75",,,,,
"USW00013880","2024-07-28","67","30.12","30.07","4.70","0.00","   67","   43","   94","0.0","0.0","90","71",,,,,
"USW00013880","2024-07-29","67","30.08","30.03","4.47","0.00","   68","   49","   87","0.0","0.0","88","70",,,,,
"USW00013880","2024-07-30","73","30.01","29.96","6.04","0.00","   72","   54","   85","0.0","0.0","93","74",,,,,
"USW00013880","2024-07-31","73","30.02","29.97","7.16","0.06","   71","   51","   90","0.0","0.0","94","76",,"    1","    1",,
"USW00013880","2024-08-01","75","30.06","30.01","7.61","0.00","   73","   49","   91","0.0","0.0","97","74",,,,,
"USW00013880","2024-08-02","76","30.01","29.96","8.05","0.01","   79","   54","   90","0.0","0.0","96","78",,,"    1",,
"USW00013880","2024-08-03","74","29.98","29.93","9.84","0.03","   75","   56","   90","0.0","0.0","93","74",,,"    1",,
"USW00013880","2024-08-04","75","30.03","29.98","5.14","0.02","   81","   70","   94","0.0","0.0","90","74",,"    1","    1",,
"USW00013880","2024-08-05","75","29.99","29.96","10.07","4.71","   86","   56","   97","0.0","0.0","81","74",,"    1","    1",,
"USW00013880","2024-08-06","75","29.71","29.65","13.42","4.82","   89","   75","   94","0.0","0.0","80","76",,"    1","    1",,
"USW00013880","2024-08-07","75","29.47","29.44","15.88","0.74","   91","   88","   94","0.0","0.0","80","76",,"    1",,,
"USW00013880","2024-08-08","73","29.60","29.52","12.08","0.83","   82","   56","   94","0.0","0.0","92","74",,"    1","    1",,
"USW00013880","2024-08-09","76","29.87","29.80","7.16","1.63","   81","   62","   94","0.0","0.0","94","74",,"    1","    1",,
"USW00013880","2024-08-10","77","29.98","29.92","6.71","0.01","   79","   60","   90","0.0","0.0","94","79",,"    1",,,
"USW00013880","2024-08-11","76","29.98","29.93","4.03","0.01","   78","   58","   94","0.0","0.0","94","78",,"    1","    1",,
"USW00013880","2024-08-12","76","29.97","29.92","4.92","0.00","   75","   51","   93","0.0","0.0","96","78",,,"    1",,
"USW00013880","2024-08-13","76","29.99","29.93","4.92","0.03","   83","   59","   94","0.0","0.0","93","77",,"    1","    1",,
"USW00013880","2024-08-14","70","30.03","29.98","7.16","0.00","   74","   55","   94","0.0","0.0","87","72",,,,,
"USW00013880","2024-08-15","68","30.06","30.00","5.82","0.00","   71","   48","   93","0.0","0.0","88","68",,,,,
"USW00013880","2024-08-16","67","30.06","30.00","3.80","0.00","   70","   42","   97","0.0","0.0","89","68",,,,,
"USW00013880","2024-08-17","70","29.98","29.94","5.82","0.00","   71","   48","   90","0.0","0.0","91","72",,,,,
"USW00013880","2024-08-18","74","29.86","29.83","10.74","0.00","   74","   57","   88","0.0","0.0","92","76",,,,,
"USW00013880","2024-08-19","71","29.83","29.78","7.16","0.00","   73","   48","   90","0.0","0.0","92","73",,,,,
"USW00013880","2024-08-20","72","29.90","29.83","4.70","0.00","   78","   54","   97","0.0","0.0","90","73",,,"    1",,
"USW00013880","2024-08-21","66","30.06","29.99","9.62","0.00","   69","   51","   90","0.0","0.0","86","70",,,,,
"USW00013880","2024-08-22","61","30.14","30.09","10.07","0.00","   63","   34","   84","0.0","0.0","84","66",,,,,
"USW00013880","2024-08-23","61","30.19","30.14","11.63","0.00","   65","   55","   74","0.0","0.0","82","69",,,,,
"USW00013880","2024-08-24","67","30.16","30.11","11.63","0.00","   74","   59","   88","0.0","0.0","84","69",,,,,
"USW00013880","2024-08-25","72","30.14","30.09","8.95","0.00","   82","   65","   97","0.0","0.0","88","72",,,,,
"USW00013880","2024-08-26","74","30.15","30.10","6.26","0.00","   84","   61","   97","0.0","0.0","87","74",,"    1",,,
"USW00013880","2024-08-27","74","30.10","30.06","4.92","0.00","   82","   63","  100","0.0","0.0","90","72",,"    1",,,
"USW00013880","2024-08-28","74","30.11","30.05","4.70","0.00","   78","   49","  100","0.0","0.0","94","73",,"    1",,,
"USW00013880","2024-08-29","74","30.13","30.08","5.14","0.00","   78","   52","   97","0.0","0.0","93","75",,"    1",,,
"USW00013880","2024-08-30","73","30.12","30.07","4.03","0.00","   77","   56","  100","0.0","0.0","92","73",,"    1",,,
"USW00013880","2024-08-31","73","30.05","30.01","4.70","0.00","   76","   50","  100","0.0","0.0","91","73",,,,,
"USW00013880","2024-09-01","73","29.99","29.94","5.59","0.00","   76","   52","  100","0.0","0.0","91","73",,,,,
"USW00013880","2024-09-02","74","29.95","29.90","5.14","0.25","   86","   68","  100","0.0","0.0","89","73",,"    1","    1",,
"USW00013880","2024-09-03","63","30.10","30.05","12.30","0.00","   65","   44","   97","0.0","0.0","85","69",,,,,
"USW00013880","2024-09-04","65","30.19","30.13","11.86","0.00","   72","   61","   85","0.0","0.0","86","69",,,,,
"USW00013880","2024-09-05","68","30.13","30.09","10.74","0.00","   76","   63","   85","0.0","0.0","84","69",,,,,
"USW00013880","2024-09-06","69","29.99","29.94","9.17","0.02","   84","   71","   94","0.0","0.0","81","71",,,,,
"USW00013880","2024-09-07","68","29.86","29.81","6.93","0.05","   82","   60","   97","0.0","0.0","81","69",,"    1",,,
"USW00013880","2024-09-08","66","30.02","29.98","7.38","0.62","   93","   87","   97","0.0","0.0","71","67",,"    1",,,
"USW00013880","2024-09-09","64","30.09","30.04","8.28","0.00","   75","   58","   93","0.0","0.0","82","66",,,,,
"USW00013880","2024-09-10","62","30.08","30.03","7.83","0.00","   71","   48","   93","0.0","0.0","84","61",,,,,
"USW00013880","2024-09-11","67","30.05","30.01","9.17","0.00","   78","   56","   93","0.0","0.0","83","68",,,,,
"USW00013880","2024-09-12","69","30.01","29.96","9.62","0.00","   81","   67","   90","0.0","0.0","82","69",,,,,
"USW00013880","2024-09-13","71","29.96","29.91","9.40","0.00","   83","   70","   91","0.0","0.0","85","71",,,,,
"USW00013880","2024-09-14","70","29.95","29.90","11.86","0.27","   83","   59","   97","0.0","0.0","84","71",,"    1",,,
"USW00013880","2024-09-15","69","29.97","29.92","13.42","0.03","   85","   69","   94","0.0","0.0","81","70",,"    1",,,
"USW00013880","2024-09-16","65","29.92","29.87","14.09","0.04","   82","   74","   93","0.0","0.0","75","67",,"    1",,,
"USW00013880","2024-09-17","64","29.92","29.87","5.14","0.00","   77","   56","   93","0.0","0.0","83","62",,,,,
"USW00013880","2024-09-18","69","29.91","29.86","3.80","0.00","   82","   55","   97","0.0","0.0","87","68",,"    1",,,
"USW00013880","2024-09-19","70","29.86","29.81","2.91","0.20","   84","   57","  100","0.0","0.0","85","68",,"    1",,,
"USW00013880","2024-09-20","69","29.88","29.82","4.92","0.00","   81","   57","  100","0.0","0.0","86","67",,"    1",,,
"USW00013880","2024-09-21","66","29.96","29.90","5.82","0.00","   75","   46","  100","0.0","0.0","87","67",,"    1",,,
"USW00013880","2024-09-22","68","29.92","29.88",,"0.00","   77","   53","  100","0.0","0.0","89","65",,,,,
"USW00013880","2024-09-23","72","29.94","29.88","4.92","0.00","   80","   55","  100","0.0","0.0","89","70",,"    1",,,
"USW00013880","2024-09-24","72","29.96","29.91","6.49","0.00","   79","   48","  100","0.0","0.0","90","74",,"    1",,,
"USW00013880","2024-09-25","72","29.95","29.91","9.62","0.00","   76","   55","   94","0.0","0.0","89","73",,,,,
"USW00013880","2024-09-26","74","29.82","29.80","13.20","1.39","   88","   79","   97","0.0","0.0","82","74",,,,,
"USW00013880","2024-09-27","72","29.63","29.56","20.36","0.66","   76","   49","   94","0.0","0.0","87","73",,"    1",,,
"USW00013880","2024-09-28","69","29.85","29.80","7.61","0.00","   78","   51","   96","0.0","0.0","90","29",,,,,
"USW00013880","2024-09-29","70","29.87","29.82","7.16","0.00","   77","   48","  100","0.0","0.0","88","71",,"    1",,,
"USW00013880","2024-09-30","72","29.89","29.85","7.61","0.00","   78","   46","   96","0.0","0.0","90","73",,,,,
"USW00013880","2024-10-01","71","29.90","29.85","4.03","0.00","   85","   67","  100","0.0","0.0","81","70",,"    1",,,
"USW00013880","2024-10-02","67","29.93","29.87","5.59","0.00","   80","   57","  100","0.0","0.0","84","66",,"    1",,,
"USW00013880","2024-10-03","67","30.05","29.99","6.93","0.00","   79","   55","  100","0.0","0.0","85","65",,"    1",,,
"USW00013880","2024-10-04","69","30.12","30.06","6.26","0.03","   86","   69","   94","0.0","0.0","82","66",,"    1",,,
"USW00013880","2024-10-05","68","30.08","30.03","7.16","0.00","   80","   62","   94","0.0","0.0","83","70",,,,,
"USW00013880","2024-10-06","66","30.03","29.98","6.71","0.00","   80","   58","   97","0.0","0.0","82","65",,"    1",,,
"USW00013880","2024-10-07","63","29.89","29.83","2.68","0.00","   77","   49","  100","0.0","0.0","85","61",,"    1",,,
"USW00013880","2024-10-08","65","29.86","29.82","8.05","0.00","   78","   59","  100","0.0","0.0","83","62",,"    1",,,
"USW00013880","2024-10-09","54","29.94","29.89","9.40","0.00","   66","   48","   81","0.0","0.0","73","60",,,,,
"USW00013880","2024-10-10","50","29.92","29.87","14.54","0.00","   53","   38","   70","0.0","0.0","77","58",,,,,
"USW00013880","2024-10-11","46","30.17","30.11","6.49","0.00","   63","   34","   90","0.0","0.0","74","49",,,,,
"USW00013880","2024-10-12","51","30.12","30.07","2.91","0.00","   68","   35","   97","0.0","0.0","79","49",,,,,
"USW00013880","2024-10-13","55","30.05","30.00","5.82","0.00","   70","   33","  100","0.0","0.0","81","51",,"    1",,,
"USW00013880","2024-10-14","53","29.92","29.88","10.96","0.00","   50","   32","   78","0.0","0.0","88","61",,,,,
"USW00013880","2024-10-15","43","29.99","29.94","5.14","0.00","   53","   29","   84","0.0","0.0","74","49",,,,,
"USW00013880","2024-10-16","40","30.13","30.08","11.63","0.00","   57","   38","   83","0.0","0.0","65","43",,,,,
"USW00013880","2024-10-17","38","30.26","30.21","7.61","0.00","   62","   35","   89","0.0","0.0","66","39",,,,,
"USW00013880","2024-10-18","40","30.40","30.35","7.61","0.00","   61","   31","   93","0.0","0.0","70","40",,,,,
"USW00013880","2024-10-19","45","30.41","30.36","7.61","0.00","   61","   32","   83","0.0","0.0","75","48",,,,,
"USW00013880","2024-10-20","43","30.29","30.25","7.83","0.00","   55","   24","   80","0.0","0.0","77","50",,,,,
"USW00013880","2024-10-21","53","30.19","30.16","7.61","0.00","   66","   43","   84","0.0","0.0","80","48",,,,,
"USW00013880","2024-10-22","58","30.19","30.14","7.83","0.00","   67","   45","   90","0.0","0.0","83","60",,,,,
"USW00013880","2024-10-23","61","30.08","30.04","5.82","0.00","   74","   45","   93","0.0","0.0","83","61",,"    1",,,
"USW00013880","2024-10-24","57","30.02","29.95","3.36","0.00","   69","   36","   97","0.0","0.0","84","57",,"    1",,,
"USW00013880","2024-10-25","59","30.18","30.11","4.25","0.00","   75","   49","   97","0.0","0.0","81","55",,,,,
"USW00013880","2024-10-26","61","30.19","30.14","4.03","0.00","   74","   36","  100","0.0","0.0","87","57",,"    1",,,
"USW00013880","2024-10-27","60","30.23","30.16","7.83","0.00","   82","   71","   93","0.0","0.0","74","59",,"    1",,,
"USW00013880","2024-10-28","56","30.30","30.24","8.28","0.00","   75","   59","   90","0.0","0.0","75","58",,,,,
"USW00013880","2024-10-29","62","30.33","30.27","7.16","0.00","   83","   62","  100","0.0","0.0","80","59",,"    1",,,
"USW00013880","2024-10-30","62","30.36","30.31","5.82","0.00","   78","   51","  100","0.0","0.0","83","59",,"    1",,,
"USW00013880","2024-10-31","63","30.26","30.22","5.37","0.00","   77","   47","  100","0.0","0.0","83","59",,"    1",,,
"USW00013880","2024-11-01","64","30.19","30.14","2.91","0.00","   77","   53","  100","0.0","0.0","83","62",,,,,
"USW00013880","2024-11-02","64","30.21","30.14","5.37","0.00","   79","   49","  100","0.0","0.0","84","60",,"    1",,,
"USW00013880","2024-11-03","56","30.24","30.19","9.17","0.00","   69","   50","   90","0.0","0.0","73","63",,,,,
"USW00013880","2024-11-04","63","30.23","30.18","10.07","0.43","   83","   64","   97","0.0","0.0","79","62",,"    1",,,
"USW00013880","2024-11-05","68","30.15","30.10","8.72","0.19","   83","   62","   97","0.0","0.0","83","66",,"    1",,,
"USW00013880","2024-11-06","70","30.11","30.06","6.26","0.14","   89","   70","  100","0.0","0.0","83","65",,"    1",,,
"USW00013880","2024-11-07","72","30.11","30.06","4.70","1.07","   96","   91","  100","0.0","0.0","77","71",,"    1",,,
"USW00013880","2024-11-08","67","29.97","30.01","2.01","0.00","   85","   63","  100","0.0","0.0","85","67",,"    1",,,
"USW00013880","2024-11-09","60","30.16","30.11","7.38","0.00","   74","   50","  100","0.0","0.0","77","63",,"    1",,,
"USW00013880","2024-11-10","61","30.15","30.11","7.38","0.00","   78","   58","   90","0.0","0.0","78","60",,,,,
"USW00013880","2024-11-11","65","29.95","29.91","3.80","0.44","   84","   60","  100","0.0","0.0","80","63",,"    1",,,
"USW00013880","2024-11-12","55","30.04","29.95","6.49","0.00","   72","   42","  100","0.0","0.0","76","58",,"    1",,,
"USW00013880","2024-11-13","48","30.25","30.19","10.74","0.00","   69","   54","   83","0.0","0.0","68","53",,,,,
"USW00013880","2024-11-14","59","29.99","29.96","8.72","0.10","   89","   79","   97","0.0","0.0","73","55",,"    1",,,
"USW00013880","2024-11-15","49","29.95","29.88","10.51","0.00","   77","   50","   96","0.0","0.0","67","49",,,,,
"USW00013880","2024-11-16","47","30.06","29.99","4.70","0.00","   76","   44","   97","0.0","0.0","69","45",,,,,
"USW00013880","2024-11-17","49","30.13","30.08","2.68","0.00","   78","   46","  100","0.0","0.0","71","44",,"    1",,,
"USW00013880","2024-11-18","53","30.05","29.99","4.03","0.00","   81","   50","  100","0.0","0.0","74","47",,"    1",,,
"USW00013880","2024-11-19","58","29.95","29.90","5.37","0.00","   77","   50","  100","0.0","0.0","78","55",,"    1",,,
"USW00013880","2024-11-20","64","29.79","29.73","6.49","0.00","   86","   69","   96","0.0","0.0","78","62",,,,,
"USW00013880","2024-11-21","32","29.82","29.77","10.51","0.00","   46","   28","   77","0.0","0.0","63","43",,,,,
"USW00013880","2024-11-22","31","29.85","29.80","9.40","0.00","   56","   32","   73","0.0","0.0","57","39",,,,,
"USW00013880","2024-11-23","37","30.01","29.96","4.92","0.00","   67","   38","   93","0.0","0.0","64","37",,,,,
"USW00013880","2024-11-24","44","30.11","30.06","4.92","0.00","   74","   31","   96","0.0","0.0","71","38",,,,,
"USW00013880","2024-11-25","48","30.16","30.11","4.70","0.00","   75","   41","  100","0.0","0.0","72","42",,"    1",,,
"USW00013880","2024-11-26","58","30.06","30.00","6.93","0.00","   84","   66","  100","0.0","0.0","74","54",,"    1",,,
"USW00013880","2024-11-27","60","30.03","29.93","4.25","0.00","   89","   61","  100","0.0","0.0","71","54",,"    1",,,
"USW00013880","2024-11-28","62","29.85","29.80","10.51","0.03","   83","   64","   97","0.0","0.0","76","59",,"    1","    1",,
"USW00013880","2024-11-29","37","30.04","29.97","7.61","0.00","   66","   51","   93","0.0","0.0","59","38",,,,,
"USW00013880","2024-11-30","26","30.24","30.16","4.92","0.00","   59","   25","   93","0.0","0.0","53","31",,,,,
"USW00013880","2024-12-01","28","30.22","30.17","2.01","0.00","   63","   26","   96","0.0","0.0","60","27",,,,,
"USW00013880","2024-12-02","26","30.27","30.20","4.70","0.00","   57","   28","   82","0.0","0.0","53","33",,,,,
"USW00013880","2024-12-03","23","30.39","30.32","8.50","0.00","   57","   33","   89","0.0","0.0","48","28",,,,,
"USW00013880","2024-12-04","25","30.35","30.32","4.70","0.00","   61","   26","   89","0.0","0.0","55","23",,,,,
"USW00013880","2024-12-05","36","30.05","30.00","12.08","0.00","   50","   32","   72","0.0","0.0","66","43",,,,,
"USW00013880","2024-12-06","14","30.29","30.21","8.72","0.00","   41","   26","   71","0.0","0.0","48","26",,,,,
"USW00013880","2024-12-07","20","30.34","30.29","2.91","0.00","   55","   21","   85","0.0","0.0","53","22",,,,,
"USW00013880","2024-12-08","35","30.22","30.17","5.82","0.00","   59","   30","   86","0.0","0.0","66","34",,,,,
"USW00013880","2024-12-09","51","30.13","30.08","6.71","0.04","   75","   56","   96","0.0","0.0","70","46",,"    1",,,
"USW00013880","2024-12-10","61","30.03","29.98","10.29","0.00","   82","   60","   96","0.0","0.0","78","60",,,,,
"USW00013880","2024-12-11","51","29.93","29.84","16.11","0.33","   73","   42","   97","0.0","0.0","70","40",,,,,
"USW00013880","2024-12-12","28","30.40","30.32","4.25","0.00","   64","   27","   89","0.0","0.0","56","32",,,,,
"USW00013880","2024-12-13","31","30.56","30.50","6.49","0.00","   60","   28","   96","0.0","0.0","60","31",,,,,
"USW00013880","2024-12-14","42","30.56","30.50","12.30","0.00","   62","   41","   83","0.0","0.0","67","46",,,,,
"USW00013880","2024-12-15","49","30.44","30.40","8.05","0.00","   80","   59","  100","0.0","0.0","68","46",,,,,
"USW00013880","2024-12-16","53","30.28","30.27","4.25","0.00","   83","   52","  100","0.0","0.0","74","49",,"    1",,,
"USW00013880","2024-12-17","59","30.25","30.22","2.91","0.01","   93","   73","  100","0.0","0.0","73","51",,,,,
"USW00013880","2024-12-18","60","30.12","30.14","4.25","0.00","   89","   66","  100","0.0","0.0","79","57",,,,,
"USW00013880","2024-12-19","58","30.10","30.04","6.04","0.00","   87","   71","   97","0.0","0.0","71","55",,,,,
"USW00013880","2024-12-20","42","29.98","29.93","7.61","0.00","   61","   29","   93","0.0","0.0","65","48",,,,,
"USW00013880","2024-12-21","30","30.17","30.09","8.05","0.00","   60","   38","   82","0.0","0.0","55","36",,,,,
"USW00013880","2024-12-22","23","30.38","30.30","9.84","0.00","   51","   33","   70","0.0","0.0","52","33",,,,,
"USW00013880","2024-12-23","23","30.45","30.40","10.29","0.00","   52","   28","   86","0.0","0.0","50","32",,,,,
"USW00013880","2024-12-24","41","30.28","30.24","7.38","0.48","   90","   69","  100","0.0","0.0","53","34",,,,,
"USW00013880","2024-12-25","37","30.27","30.21","7.61","0.00","   74","   53","   93","0.0","0.0","56","34",,,,,
"USW00013880","2024-12-26","39","30.29","30.24","9.17","0.27","   81","   58","   97","0.0","0.0","48","43",,,,,
"USW00013880","2024-12-27","50","30.19","30.19","7.16","0.63","   95","   87","  100","0.0","0.0","56","46",,,,,
"USW00013880","2024-12-28","59","30.17","30.13","5.59","0.01","   91","   71","  100","0.0","0.0","73","49",,,,,
"USW00013880","2024-12-29","60","29.97","29.95","8.95","0.67","   90","   76","  100","0.0","0.0","72","55",,,,,
"USW00013880","2024-12-30","52","29.94","29.87","5.59","0.00","   84","   56","  100","0.0","0.0","68","50",,,,,
"USW00013880","2024-12-31","52","29.84","29.78","6.49","0.00","   80","   57","  100","0.0","0.0","71","43",,,,,
